inventory_id,material_id,area_id,purchase_date,quantity_purchased,quantity_used,quantity_wasted,unit_cost,expiry_date
INV0000001,M01,A01,2025-02-10,63,44,5,320,2025-02-17
INV0000002,M01,A01,2024-10-10,18,11,0,320,2024-10-17
INV0000003,M01,A01,2025-09-02,58,44,6,320,2025-09-09
INV0000004,M01,A01,2024-06-23,43,21,8,320,2024-06-30
INV0000005,M01,A01,2026-06-21,43,37,1,320,2026-06-28
INV0000006,M01,A01,2026-07-06,42,38,0,320,2026-07-13
INV0000007,M01,A02,2024-12-24,30,21,4,320,2024-12-31
INV0000008,M01,A02,2025-02-10,77,57,7,320,2025-02-17
INV0000009,M01,A02,2026-01-08,73,40,12,320,2026-01-15
INV0000010,M01,A02,2025-09-16,99,51,17,320,2025-09-23
INV0000011,M01,A02,2025-05-19,31,26,1,320,2025-05-26
INV0000012,M01,A02,2026-06-20,50,25,5,320,2026-06-27
INV0000013,M01,A03,2025-05-27,25,12,3,320,2025-06-03
INV0000014,M01,A03,2026-03-12,62,34,1,320,2026-03-19
INV0000015,M01,A03,2025-01-23,42,33,2,320,2025-01-30
INV0000016,M01,A03,2024-09-12,32,24,0,320,2024-09-19
INV0000017,M01,A03,2024-04-01,45,34,1,320,2024-04-08
INV0000018,M01,A03,2024-08-08,41,37,1,320,2024-08-15
INV0000019,M01,A04,2026-02-16,64,61,1,320,2026-02-23
INV0000020,M01,A04,2026-01-22,29,15,5,320,2026-01-29
INV0000021,M01,A04,2025-04-25,20,18,0,320,2025-05-02
INV0000022,M01,A04,2024-07-14,57,51,0,320,2024-07-21
INV0000023,M01,A04,2025-07-14,14,7,2,320,2025-07-21
INV0000024,M01,A04,2025-12-19,40,18,1,320,2025-12-26
INV0000025,M01,A05,2025-08-02,42,37,0,320,2025-08-09
INV0000026,M01,A05,2025-08-30,53,36,4,320,2025-09-06
INV0000027,M01,A05,2024-05-30,94,77,3,320,2024-06-06
INV0000028,M01,A05,2026-06-26,20,12,2,320,2026-07-03
INV0000029,M01,A05,2026-04-06,39,31,1,320,2026-04-13
INV0000030,M01,A05,2024-01-07,57,41,2,320,2024-01-14
INV0000031,M01,A06,2024-05-09,122,87,3,320,2024-05-16
INV0000032,M01,A06,2026-05-11,55,32,8,320,2026-05-18
INV0000033,M01,A06,2025-05-28,35,22,2,320,2025-06-04
INV0000034,M01,A06,2024-05-16,38,36,0,320,2024-05-23
INV0000035,M01,A06,2025-06-16,30,25,1,320,2025-06-23
INV0000036,M01,A06,2024-11-09,33,19,4,320,2024-11-16
INV0000037,M01,A07,2025-11-09,65,37,2,320,2025-11-16
INV0000038,M01,A07,2025-11-30,17,10,0,320,2025-12-07
INV0000039,M01,A07,2026-01-06,54,33,8,320,2026-01-13
INV0000040,M01,A07,2024-09-17,113,77,14,320,2024-09-24
INV0000041,M01,A07,2025-12-12,68,64,0,320,2025-12-19
INV0000042,M01,A07,2025-12-27,84,69,4,320,2026-01-03
INV0000043,M01,A08,2024-05-08,52,32,7,320,2024-05-15
INV0000044,M01,A08,2025-10-27,25,16,1,320,2025-11-03
INV0000045,M01,A08,2024-05-23,31,25,1,320,2024-05-30
INV0000046,M01,A08,2024-06-25,56,27,12,320,2024-07-02
INV0000047,M01,A08,2024-12-22,41,32,2,320,2024-12-29
INV0000048,M01,A08,2024-03-14,74,65,2,320,2024-03-21
INV0000049,M02,A01,2026-01-10,46,27,5,280,2026-01-13
INV0000050,M02,A01,2024-03-26,41,23,5,280,2024-03-29
INV0000051,M02,A01,2024-03-31,38,26,3,280,2024-04-03
INV0000052,M02,A01,2025-02-24,59,48,4,280,2025-02-27
INV0000053,M02,A01,2025-12-01,28,18,3,280,2025-12-04
INV0000054,M02,A01,2024-10-12,62,41,6,280,2024-10-15
INV0000055,M02,A02,2024-01-21,41,33,0,280,2024-01-24
INV0000056,M02,A02,2026-02-18,55,47,1,280,2026-02-21
INV0000057,M02,A02,2026-03-15,39,34,0,280,2026-03-18
INV0000058,M02,A02,2025-06-22,13,7,2,280,2025-06-25
INV0000059,M02,A02,2024-09-13,54,46,2,280,2024-09-16
INV0000060,M02,A02,2025-12-17,68,37,10,280,2025-12-20
INV0000061,M02,A03,2025-08-23,61,47,2,280,2025-08-26
INV0000062,M02,A03,2026-01-08,31,19,4,280,2026-01-11
INV0000063,M02,A03,2025-06-07,57,53,1,280,2025-06-10
INV0000064,M02,A03,2025-04-25,37,19,2,280,2025-04-28
INV0000065,M02,A03,2024-12-23,35,18,2,280,2024-12-26
INV0000066,M02,A03,2025-09-26,76,53,2,280,2025-09-29
INV0000067,M02,A04,2026-07-11,25,22,0,280,2026-07-14
INV0000068,M02,A04,2025-08-26,41,31,2,280,2025-08-29
INV0000069,M02,A04,2024-06-25,43,30,2,280,2024-06-28
INV0000070,M02,A04,2025-01-07,74,39,5,280,2025-01-10
INV0000071,M02,A04,2024-06-21,50,39,4,280,2024-06-24
INV0000072,M02,A04,2025-11-15,54,31,3,280,2025-11-18
INV0000073,M02,A05,2024-12-24,11,10,0,280,2024-12-27
INV0000074,M02,A05,2026-04-25,67,54,2,280,2026-04-28
INV0000075,M02,A05,2025-06-02,62,31,6,280,2025-06-05
INV0000076,M02,A05,2024-11-24,61,47,2,280,2024-11-27
INV0000077,M02,A05,2024-01-21,40,36,0,280,2024-01-24
INV0000078,M02,A05,2026-02-04,48,25,5,280,2026-02-07
INV0000079,M02,A06,2026-06-09,45,33,1,280,2026-06-12
INV0000080,M02,A06,2024-08-04,94,71,1,280,2024-08-07
INV0000081,M02,A06,2026-07-24,48,35,2,280,2026-07-27
INV0000082,M02,A06,2024-03-20,53,33,4,280,2024-03-23
INV0000083,M02,A06,2025-10-24,50,31,8,280,2025-10-27
INV0000084,M02,A06,2024-03-20,89,77,1,280,2024-03-23
INV0000085,M02,A07,2025-01-10,42,33,1,280,2025-01-13
INV0000086,M02,A07,2024-05-12,27,16,4,280,2024-05-15
INV0000087,M02,A07,2026-02-08,24,14,3,280,2026-02-11
INV0000088,M02,A07,2025-11-26,67,43,7,280,2025-11-29
INV0000089,M02,A07,2024-01-16,31,27,0,280,2024-01-19
INV0000090,M02,A07,2025-01-04,30,27,1,280,2025-01-07
INV0000091,M02,A08,2026-07-04,42,38,1,280,2026-07-07
INV0000092,M02,A08,2025-08-19,142,119,4,280,2025-08-22
INV0000093,M02,A08,2024-03-25,57,33,3,280,2024-03-28
INV0000094,M02,A08,2025-11-25,42,36,1,280,2025-11-28
INV0000095,M02,A08,2024-08-24,30,16,2,280,2024-08-27
INV0000096,M02,A08,2026-04-21,56,50,1,280,2026-04-24
INV0000097,M03,A01,2025-09-14,40,34,1,110,2026-03-13
INV0000098,M03,A01,2026-05-19,43,21,7,110,2026-11-15
INV0000099,M03,A01,2025-01-11,29,16,4,110,2025-07-10
INV0000100,M03,A01,2026-05-30,44,33,1,110,2026-11-26
INV0000101,M03,A01,2025-12-15,26,15,0,110,2026-06-13
INV0000102,M03,A01,2026-03-22,29,24,0,110,2026-09-18
INV0000103,M03,A02,2025-06-12,68,31,5,110,2025-12-09
INV0000104,M03,A02,2024-03-10,65,52,2,110,2024-09-06
INV0000105,M03,A02,2025-08-22,81,68,1,110,2026-02-18
INV0000106,M03,A02,2025-01-15,20,9,4,110,2025-07-14
INV0000107,M03,A02,2025-12-22,29,13,4,110,2026-06-20
INV0000108,M03,A02,2025-12-15,56,28,12,110,2026-06-13
INV0000109,M03,A03,2024-05-18,31,18,4,110,2024-11-14
INV0000110,M03,A03,2026-03-07,41,33,2,110,2026-09-03
INV0000111,M03,A03,2026-04-28,29,25,1,110,2026-10-25
INV0000112,M03,A03,2026-01-22,72,45,10,110,2026-07-21
INV0000113,M03,A03,2024-02-16,36,22,4,110,2024-08-14
INV0000114,M03,A03,2025-12-31,36,25,1,110,2026-06-29
INV0000115,M03,A04,2026-07-28,49,35,1,110,2027-01-24
INV0000116,M03,A04,2025-10-30,65,29,13,110,2026-04-28
INV0000117,M03,A04,2025-10-22,64,48,0,110,2026-04-20
INV0000118,M03,A04,2025-07-28,64,48,3,110,2026-01-24
INV0000119,M03,A04,2026-01-14,66,39,3,110,2026-07-13
INV0000120,M03,A04,2025-06-27,43,22,4,110,2025-12-24
INV0000121,M03,A05,2025-03-07,18,9,2,110,2025-09-03
INV0000122,M03,A05,2026-01-24,29,13,4,110,2026-07-23
INV0000123,M03,A05,2024-04-19,84,49,1,110,2024-10-16
INV0000124,M03,A05,2026-05-13,47,28,8,110,2026-11-09
INV0000125,M03,A05,2025-04-25,19,14,1,110,2025-10-22
INV0000126,M03,A05,2025-05-09,39,28,4,110,2025-11-05
INV0000127,M03,A06,2026-03-09,10,7,0,110,2026-09-05
INV0000128,M03,A06,2024-06-30,47,35,3,110,2024-12-27
INV0000129,M03,A06,2025-02-12,36,16,6,110,2025-08-11
INV0000130,M03,A06,2025-07-31,38,26,1,110,2026-01-27
INV0000131,M03,A06,2024-03-23,23,15,3,110,2024-09-19
INV0000132,M03,A06,2024-12-10,38,23,1,110,2025-06-08
INV0000133,M03,A07,2025-02-09,31,26,1,110,2025-08-08
INV0000134,M03,A07,2024-01-05,97,46,21,110,2024-07-03
INV0000135,M03,A07,2024-03-24,63,49,4,110,2024-09-20
INV0000136,M03,A07,2025-10-07,65,60,1,110,2026-04-05
INV0000137,M03,A07,2024-05-11,60,42,3,110,2024-11-07
INV0000138,M03,A07,2026-02-27,50,41,2,110,2026-08-26
INV0000139,M03,A08,2025-04-14,50,45,2,110,2025-10-11
INV0000140,M03,A08,2026-01-20,67,36,7,110,2026-07-19
INV0000141,M03,A08,2024-12-01,38,24,6,110,2025-05-30
INV0000142,M03,A08,2025-05-30,58,40,4,110,2025-11-26
INV0000143,M03,A08,2026-03-14,57,50,2,110,2026-09-10
INV0000144,M03,A08,2026-06-12,45,37,1,110,2026-12-09
INV0000145,M04,A01,2025-12-06,56,34,8,52,2026-03-06
INV0000146,M04,A01,2024-06-17,70,36,7,52,2024-09-15
INV0000147,M04,A01,2024-08-18,96,77,2,52,2024-11-16
INV0000148,M04,A01,2026-03-19,78,62,6,52,2026-06-17
INV0000149,M04,A01,2025-07-23,44,32,3,52,2025-10-21
INV0000150,M04,A01,2025-11-10,38,32,1,52,2026-02-08
INV0000151,M04,A02,2024-06-05,47,34,4,52,2024-09-03
INV0000152,M04,A02,2026-02-19,41,28,1,52,2026-05-20
INV0000153,M04,A02,2026-07-29,52,32,6,52,2026-10-27
INV0000154,M04,A02,2024-05-31,64,48,1,52,2024-08-29
INV0000155,M04,A02,2025-09-14,44,38,1,52,2025-12-13
INV0000156,M04,A02,2024-05-28,35,22,0,52,2024-08-26
INV0000157,M04,A03,2026-05-22,30,27,0,52,2026-08-20
INV0000158,M04,A03,2024-12-01,21,17,1,52,2025-03-01
INV0000159,M04,A03,2025-06-04,43,34,1,52,2025-09-02
INV0000160,M04,A03,2026-06-28,76,52,8,52,2026-09-26
INV0000161,M04,A03,2025-08-23,73,42,5,52,2025-11-21
INV0000162,M04,A03,2024-06-27,22,13,2,52,2024-09-25
INV0000163,M04,A04,2024-01-23,16,10,0,52,2024-04-22
INV0000164,M04,A04,2025-02-08,45,38,1,52,2025-05-09
INV0000165,M04,A04,2025-11-24,57,49,0,52,2026-02-22
INV0000166,M04,A04,2025-08-02,40,20,1,52,2025-10-31
INV0000167,M04,A04,2024-05-22,45,40,0,52,2024-08-20
INV0000168,M04,A04,2025-09-23,64,37,11,52,2025-12-22
INV0000169,M04,A05,2025-06-07,23,18,0,52,2025-09-05
INV0000170,M04,A05,2024-03-04,16,14,0,52,2024-06-02
INV0000171,M04,A05,2024-10-18,58,46,3,52,2025-01-16
INV0000172,M04,A05,2025-11-14,66,64,0,52,2026-02-12
INV0000173,M04,A05,2024-12-06,19,15,0,52,2025-03-06
INV0000174,M04,A05,2024-03-02,59,44,1,52,2024-05-31
INV0000175,M04,A06,2024-12-06,46,41,0,52,2025-03-06
INV0000176,M04,A06,2025-01-13,38,21,2,52,2025-04-13
INV0000177,M04,A06,2025-02-13,46,29,2,52,2025-05-14
INV0000178,M04,A06,2024-10-16,40,21,2,52,2025-01-14
INV0000179,M04,A06,2025-05-21,53,38,1,52,2025-08-19
INV0000180,M04,A06,2024-10-25,45,41,0,52,2025-01-23
INV0000181,M04,A07,2026-02-02,19,9,1,52,2026-05-03
INV0000182,M04,A07,2024-12-30,99,82,7,52,2025-03-30
INV0000183,M04,A07,2024-04-18,47,30,6,52,2024-07-17
INV0000184,M04,A07,2024-03-05,44,20,7,52,2024-06-03
INV0000185,M04,A07,2025-01-18,23,20,0,52,2025-04-18
INV0000186,M04,A07,2025-08-13,43,19,2,52,2025-11-11
INV0000187,M04,A08,2025-03-16,37,30,2,52,2025-06-14
INV0000188,M04,A08,2024-06-21,42,19,10,52,2024-09-19
INV0000189,M04,A08,2026-07-16,94,87,1,52,2026-10-14
INV0000190,M04,A08,2025-11-28,35,17,7,52,2026-02-26
INV0000191,M04,A08,2026-07-04,80,76,0,52,2026-10-02
INV0000192,M04,A08,2026-06-23,63,59,0,52,2026-09-21
INV0000193,M05,A01,2025-12-17,51,45,2,48,2025-12-24
INV0000194,M05,A01,2024-10-24,34,23,3,48,2024-10-31
INV0000195,M05,A01,2026-04-22,39,37,0,48,2026-04-29
INV0000196,M05,A01,2024-11-11,43,38,1,48,2024-11-18
INV0000197,M05,A01,2024-08-17,12,7,0,48,2024-08-24
INV0000198,M05,A01,2024-03-08,22,14,2,48,2024-03-15
INV0000199,M05,A02,2026-06-17,62,37,6,48,2026-06-24
INV0000200,M05,A02,2024-06-27,25,16,2,48,2024-07-04
INV0000201,M05,A02,2026-01-15,57,50,1,48,2026-01-22
INV0000202,M05,A02,2025-07-17,46,24,7,48,2025-07-24
INV0000203,M05,A02,2026-06-27,145,83,13,48,2026-07-04
INV0000204,M05,A02,2025-09-02,46,30,3,48,2025-09-09
INV0000205,M05,A03,2024-11-09,56,29,5,48,2024-11-16
INV0000206,M05,A03,2025-10-23,33,16,6,48,2025-10-30
INV0000207,M05,A03,2026-07-13,62,35,5,48,2026-07-20
INV0000208,M05,A03,2025-01-09,88,76,0,48,2025-01-16
INV0000209,M05,A03,2025-12-05,65,37,9,48,2025-12-12
INV0000210,M05,A03,2024-01-26,75,39,15,48,2024-02-02
INV0000211,M05,A04,2025-03-05,19,8,3,48,2025-03-12
INV0000212,M05,A04,2024-01-24,34,29,1,48,2024-01-31
INV0000213,M05,A04,2026-04-05,40,28,3,48,2026-04-12
INV0000214,M05,A04,2025-07-16,37,21,6,48,2025-07-23
INV0000215,M05,A04,2026-03-30,55,34,7,48,2026-04-06
INV0000216,M05,A04,2025-08-22,32,29,0,48,2025-08-29
INV0000217,M05,A05,2025-03-17,39,28,4,48,2025-03-24
INV0000218,M05,A05,2026-01-20,92,41,16,48,2026-01-27
INV0000219,M05,A05,2025-12-29,59,47,2,48,2026-01-05
INV0000220,M05,A05,2025-06-06,15,8,2,48,2025-06-13
INV0000221,M05,A05,2026-07-13,44,30,1,48,2026-07-20
INV0000222,M05,A05,2024-04-24,67,41,8,48,2024-05-01
INV0000223,M05,A06,2024-02-21,35,16,6,48,2024-02-28
INV0000224,M05,A06,2025-08-25,93,71,6,48,2025-09-01
INV0000225,M05,A06,2024-07-05,80,73,0,48,2024-07-12
INV0000226,M05,A06,2026-06-28,72,54,1,48,2026-07-05
INV0000227,M05,A06,2026-02-18,16,7,2,48,2026-02-25
INV0000228,M05,A06,2025-04-12,46,24,3,48,2025-04-19
INV0000229,M05,A07,2025-11-21,57,43,2,48,2025-11-28
INV0000230,M05,A07,2025-05-10,34,19,2,48,2025-05-17
INV0000231,M05,A07,2024-08-29,29,21,3,48,2024-09-05
INV0000232,M05,A07,2026-03-10,57,44,2,48,2026-03-17
INV0000233,M05,A07,2026-02-04,29,26,0,48,2026-02-11
INV0000234,M05,A07,2025-03-04,49,35,4,48,2025-03-11
INV0000235,M05,A08,2024-05-13,33,15,6,48,2024-05-20
INV0000236,M05,A08,2026-04-27,21,9,2,48,2026-05-04
INV0000237,M05,A08,2025-11-09,37,23,4,48,2025-11-16
INV0000238,M05,A08,2025-10-02,53,39,3,48,2025-10-09
INV0000239,M05,A08,2025-11-11,40,33,2,48,2025-11-18
INV0000240,M05,A08,2025-12-17,10,8,0,48,2025-12-24
INV0000241,M06,A01,2026-05-27,35,25,2,36,2026-06-16
INV0000242,M06,A01,2026-03-01,21,14,2,36,2026-03-21
INV0000243,M06,A01,2025-05-05,16,14,0,36,2025-05-25
INV0000244,M06,A01,2025-12-12,35,21,4,36,2026-01-01
INV0000245,M06,A01,2026-05-14,72,53,6,36,2026-06-03
INV0000246,M06,A01,2026-02-23,64,46,3,36,2026-03-15
INV0000247,M06,A02,2025-03-04,45,27,2,36,2025-03-24
INV0000248,M06,A02,2025-12-11,73,52,5,36,2025-12-31
INV0000249,M06,A02,2025-04-27,35,23,5,36,2025-05-17
INV0000250,M06,A02,2024-11-25,67,48,5,36,2024-12-15
INV0000251,M06,A02,2025-12-20,55,40,1,36,2026-01-09
INV0000252,M06,A02,2025-04-22,40,18,4,36,2025-05-12
INV0000253,M06,A03,2024-03-13,35,27,1,36,2024-04-02
INV0000254,M06,A03,2024-10-12,26,13,2,36,2024-11-01
INV0000255,M06,A03,2025-02-05,24,20,1,36,2025-02-25
INV0000256,M06,A03,2025-11-27,69,47,7,36,2025-12-17
INV0000257,M06,A03,2025-01-29,34,29,1,36,2025-02-18
INV0000258,M06,A03,2024-07-29,33,29,1,36,2024-08-18
INV0000259,M06,A04,2024-05-03,29,20,2,36,2024-05-23
INV0000260,M06,A04,2025-09-23,74,64,0,36,2025-10-13
INV0000261,M06,A04,2025-12-02,49,26,3,36,2025-12-22
INV0000262,M06,A04,2026-02-14,80,69,4,36,2026-03-06
INV0000263,M06,A04,2024-05-18,37,29,1,36,2024-06-07
INV0000264,M06,A04,2025-03-10,59,52,1,36,2025-03-30
INV0000265,M06,A05,2024-05-02,50,22,9,36,2024-05-22
INV0000266,M06,A05,2024-06-06,38,31,2,36,2024-06-26
INV0000267,M06,A05,2025-12-04,53,44,1,36,2025-12-24
INV0000268,M06,A05,2024-04-26,62,30,1,36,2024-05-16
INV0000269,M06,A05,2026-06-28,81,62,5,36,2026-07-18
INV0000270,M06,A05,2024-05-23,51,23,10,36,2024-06-12
INV0000271,M06,A06,2026-05-16,29,22,1,36,2026-06-05
INV0000272,M06,A06,2024-04-06,44,20,9,36,2024-04-26
INV0000273,M06,A06,2024-12-14,27,23,1,36,2025-01-03
INV0000274,M06,A06,2026-04-25,68,49,4,36,2026-05-15
INV0000275,M06,A06,2024-11-06,63,33,4,36,2024-11-26
INV0000276,M06,A06,2024-08-24,10,5,0,36,2024-09-13
INV0000277,M06,A07,2024-05-04,78,75,0,36,2024-05-24
INV0000278,M06,A07,2026-06-30,41,22,1,36,2026-07-20
INV0000279,M06,A07,2024-04-25,41,34,2,36,2024-05-15
INV0000280,M06,A07,2025-07-27,25,23,0,36,2025-08-16
INV0000281,M06,A07,2026-03-26,33,27,2,36,2026-04-15
INV0000282,M06,A07,2025-08-19,26,20,0,36,2025-09-08
INV0000283,M06,A08,2025-06-03,67,30,5,36,2025-06-23
INV0000284,M06,A08,2026-04-01,36,28,2,36,2026-04-21
INV0000285,M06,A08,2024-04-26,11,6,2,36,2024-05-16
INV0000286,M06,A08,2024-03-01,64,39,6,36,2024-03-21
INV0000287,M06,A08,2024-05-01,81,48,7,36,2024-05-21
INV0000288,M06,A08,2024-04-09,35,19,4,36,2024-04-29
INV0000289,M07,A01,2026-01-11,59,43,1,210,2026-01-21
INV0000290,M07,A01,2026-06-02,84,60,1,210,2026-06-12
INV0000291,M07,A01,2026-06-07,57,46,1,210,2026-06-17
INV0000292,M07,A01,2025-03-02,42,24,3,210,2025-03-12
INV0000293,M07,A01,2024-03-31,20,11,3,210,2024-04-10
INV0000294,M07,A01,2025-11-21,40,23,4,210,2025-12-01
INV0000295,M07,A02,2025-09-19,70,36,12,210,2025-09-29
INV0000296,M07,A02,2025-01-04,69,44,9,210,2025-01-14
INV0000297,M07,A02,2026-02-19,40,27,1,210,2026-03-01
INV0000298,M07,A02,2024-06-23,57,46,4,210,2024-07-03
INV0000299,M07,A02,2025-09-25,72,70,0,210,2025-10-05
INV0000300,M07,A02,2024-03-25,72,70,0,210,2024-04-04
INV0000301,M07,A03,2024-11-21,68,38,7,210,2024-12-01
INV0000302,M07,A03,2025-03-08,100,64,10,210,2025-03-18
INV0000303,M07,A03,2026-04-06,22,11,3,210,2026-04-16
INV0000304,M07,A03,2025-11-19,55,25,5,210,2025-11-29
INV0000305,M07,A03,2026-07-17,30,21,3,210,2026-07-27
INV0000306,M07,A03,2026-01-14,46,42,0,210,2026-01-24
INV0000307,M07,A04,2026-02-26,78,57,5,210,2026-03-08
INV0000308,M07,A04,2024-03-10,69,50,2,210,2024-03-20
INV0000309,M07,A04,2026-06-12,7,3,1,210,2026-06-22
INV0000310,M07,A04,2024-07-01,85,45,9,210,2024-07-11
INV0000311,M07,A04,2024-07-22,51,42,2,210,2024-08-01
INV0000312,M07,A04,2024-04-29,17,13,0,210,2024-05-09
INV0000313,M07,A05,2025-10-06,50,48,0,210,2025-10-16
INV0000314,M07,A05,2025-03-07,113,82,7,210,2025-03-17
INV0000315,M07,A05,2025-11-11,37,33,0,210,2025-11-21
INV0000316,M07,A05,2025-03-28,30,26,0,210,2025-04-07
INV0000317,M07,A05,2025-09-23,58,47,3,210,2025-10-03
INV0000318,M07,A05,2025-08-27,24,11,0,210,2025-09-06
INV0000319,M07,A06,2026-01-10,61,54,1,210,2026-01-20
INV0000320,M07,A06,2024-08-16,38,22,4,210,2024-08-26
INV0000321,M07,A06,2025-02-24,43,20,3,210,2025-03-06
INV0000322,M07,A06,2025-01-01,59,43,3,210,2025-01-11
INV0000323,M07,A06,2025-04-24,69,57,1,210,2025-05-04
INV0000324,M07,A06,2025-01-23,46,24,6,210,2025-02-02
INV0000325,M07,A07,2026-07-01,29,21,2,210,2026-07-11
INV0000326,M07,A07,2025-07-12,61,55,2,210,2025-07-22
INV0000327,M07,A07,2024-12-18,22,17,1,210,2024-12-28
INV0000328,M07,A07,2025-08-11,54,41,4,210,2025-08-21
INV0000329,M07,A07,2026-03-25,37,31,1,210,2026-04-04
INV0000330,M07,A07,2024-08-27,31,28,0,210,2024-09-06
INV0000331,M07,A08,2024-06-27,41,25,1,210,2024-07-07
INV0000332,M07,A08,2024-04-16,32,29,0,210,2024-04-26
INV0000333,M07,A08,2025-03-30,54,40,5,210,2025-04-09
INV0000334,M07,A08,2026-07-28,56,41,2,210,2026-08-07
INV0000335,M07,A08,2026-02-12,25,12,4,210,2026-02-22
INV0000336,M07,A08,2025-07-16,54,38,3,210,2025-07-26
INV0000337,M08,A01,2024-09-04,24,21,0,420,2024-10-04
INV0000338,M08,A01,2025-12-08,86,82,1,420,2026-01-07
INV0000339,M08,A01,2025-10-02,52,26,2,420,2025-11-01
INV0000340,M08,A01,2026-01-17,82,46,12,420,2026-02-16
INV0000341,M08,A01,2026-04-06,39,26,5,420,2026-05-06
INV0000342,M08,A01,2024-04-30,75,49,5,420,2024-05-30
INV0000343,M08,A02,2025-07-21,28,22,2,420,2025-08-20
INV0000344,M08,A02,2025-08-24,33,19,2,420,2025-09-23
INV0000345,M08,A02,2024-02-13,30,21,2,420,2024-03-14
INV0000346,M08,A02,2026-02-28,49,35,1,420,2026-03-30
INV0000347,M08,A02,2025-10-14,75,46,4,420,2025-11-13
INV0000348,M08,A02,2025-03-28,46,39,1,420,2025-04-27
INV0000349,M08,A03,2024-07-22,46,33,2,420,2024-08-21
INV0000350,M08,A03,2024-11-01,38,36,0,420,2024-12-01
INV0000351,M08,A03,2024-04-13,39,36,0,420,2024-05-13
INV0000352,M08,A03,2024-06-20,118,59,14,420,2024-07-20
INV0000353,M08,A03,2026-04-02,72,49,8,420,2026-05-02
INV0000354,M08,A03,2025-01-07,75,54,7,420,2025-02-06
INV0000355,M08,A04,2025-07-11,85,42,4,420,2025-08-10
INV0000356,M08,A04,2026-07-28,119,110,1,420,2026-08-27
INV0000357,M08,A04,2025-04-06,89,83,2,420,2025-05-06
INV0000358,M08,A04,2025-07-29,95,61,9,420,2025-08-28
INV0000359,M08,A04,2026-05-13,89,72,3,420,2026-06-12
INV0000360,M08,A04,2025-09-21,19,13,1,420,2025-10-21
INV0000361,M08,A05,2025-09-23,44,27,6,420,2025-10-23
INV0000362,M08,A05,2025-05-01,22,16,1,420,2025-05-31
INV0000363,M08,A05,2025-09-01,20,16,0,420,2025-10-01
INV0000364,M08,A05,2025-11-11,18,12,2,420,2025-12-11
INV0000365,M08,A05,2026-05-11,69,40,10,420,2026-06-10
INV0000366,M08,A05,2024-03-13,54,39,4,420,2024-04-12
INV0000367,M08,A06,2024-09-22,55,27,9,420,2024-10-22
INV0000368,M08,A06,2026-03-25,25,14,2,420,2026-04-24
INV0000369,M08,A06,2024-03-22,41,24,2,420,2024-04-21
INV0000370,M08,A06,2025-10-15,23,11,1,420,2025-11-14
INV0000371,M08,A06,2026-04-27,33,21,1,420,2026-05-27
INV0000372,M08,A06,2025-11-07,45,43,0,420,2025-12-07
INV0000373,M08,A07,2024-01-07,33,19,6,420,2024-02-06
INV0000374,M08,A07,2024-04-27,40,36,0,420,2024-05-27
INV0000375,M08,A07,2026-02-09,41,19,2,420,2026-03-11
INV0000376,M08,A07,2026-07-10,41,30,0,420,2026-08-09
INV0000377,M08,A07,2024-07-05,59,52,0,420,2024-08-04
INV0000378,M08,A07,2024-05-22,61,59,0,420,2024-06-21
INV0000379,M08,A08,2026-02-23,39,34,2,420,2026-03-25
INV0000380,M08,A08,2026-04-14,77,56,5,420,2026-05-14
INV0000381,M08,A08,2025-02-27,44,39,0,420,2025-03-29
INV0000382,M08,A08,2025-05-15,18,11,0,420,2025-06-14
INV0000383,M08,A08,2025-04-28,65,56,3,420,2025-05-28
INV0000384,M08,A08,2025-08-30,100,80,4,420,2025-09-29
INV0000385,M09,A01,2025-12-02,24,17,1,34,2025-12-22
INV0000386,M09,A01,2025-07-06,48,24,4,34,2025-07-26
INV0000387,M09,A01,2025-06-15,40,31,2,34,2025-07-05
INV0000388,M09,A01,2024-06-20,38,21,2,34,2024-07-10
INV0000389,M09,A01,2025-04-15,30,17,5,34,2025-05-05
INV0000390,M09,A01,2026-02-09,5,4,0,34,2026-03-01
INV0000391,M09,A02,2025-12-09,38,24,6,34,2025-12-29
INV0000392,M09,A02,2026-04-04,13,10,0,34,2026-04-24
INV0000393,M09,A02,2026-07-16,51,25,10,34,2026-08-05
INV0000394,M09,A02,2025-06-29,52,36,3,34,2025-07-19
INV0000395,M09,A02,2026-07-28,51,40,1,34,2026-08-17
INV0000396,M09,A02,2025-01-09,48,40,1,34,2025-01-29
INV0000397,M09,A03,2026-07-02,55,47,1,34,2026-07-22
INV0000398,M09,A03,2024-12-28,80,55,6,34,2025-01-17
INV0000399,M09,A03,2026-03-30,51,47,0,34,2026-04-19
INV0000400,M09,A03,2024-02-28,40,27,1,34,2024-03-19
INV0000401,M09,A03,2024-10-09,33,29,0,34,2024-10-29
INV0000402,M09,A03,2024-12-26,31,19,1,34,2025-01-15
INV0000403,M09,A04,2025-02-04,69,32,12,34,2025-02-24
INV0000404,M09,A04,2025-09-19,26,12,1,34,2025-10-09
INV0000405,M09,A04,2025-07-20,47,29,6,34,2025-08-09
INV0000406,M09,A04,2024-09-13,28,23,0,34,2024-10-03
INV0000407,M09,A04,2025-02-16,39,24,2,34,2025-03-08
INV0000408,M09,A04,2025-06-18,84,50,2,34,2025-07-08
INV0000409,M09,A05,2024-07-19,25,12,4,34,2024-08-08
INV0000410,M09,A05,2024-07-02,47,39,2,34,2024-07-22
INV0000411,M09,A05,2025-11-20,48,37,1,34,2025-12-10
INV0000412,M09,A05,2025-03-08,52,27,10,34,2025-03-28
INV0000413,M09,A05,2024-06-21,22,20,0,34,2024-07-11
INV0000414,M09,A05,2026-04-04,47,21,7,34,2026-04-24
INV0000415,M09,A06,2025-03-18,31,29,0,34,2025-04-07
INV0000416,M09,A06,2024-02-13,76,42,2,34,2024-03-04
INV0000417,M09,A06,2025-07-16,71,67,1,34,2025-08-05
INV0000418,M09,A06,2025-11-27,47,28,3,34,2025-12-17
INV0000419,M09,A06,2024-03-09,103,60,11,34,2024-03-29
INV0000420,M09,A06,2024-07-12,61,47,3,34,2024-08-01
INV0000421,M09,A07,2025-11-20,59,50,1,34,2025-12-10
INV0000422,M09,A07,2026-06-21,32,27,1,34,2026-07-11
INV0000423,M09,A07,2024-05-16,39,33,1,34,2024-06-05
INV0000424,M09,A07,2024-05-07,56,46,4,34,2024-05-27
INV0000425,M09,A07,2026-01-02,42,37,0,34,2026-01-22
INV0000426,M09,A07,2025-05-01,99,66,7,34,2025-05-21
INV0000427,M09,A08,2025-11-03,88,81,0,34,2025-11-23
INV0000428,M09,A08,2024-08-03,62,50,3,34,2024-08-23
INV0000429,M09,A08,2024-10-13,17,13,0,34,2024-11-02
INV0000430,M09,A08,2024-02-08,78,44,4,34,2024-02-28
INV0000431,M09,A08,2024-10-25,80,77,0,34,2024-11-14
INV0000432,M09,A08,2026-06-23,46,33,0,34,2026-07-13
INV0000433,M10,A01,2025-10-02,78,64,5,145,2026-03-31
INV0000434,M10,A01,2025-03-18,54,38,3,145,2025-09-14
INV0000435,M10,A01,2025-04-25,35,16,3,145,2025-10-22
INV0000436,M10,A01,2026-06-30,86,75,2,145,2026-12-27
INV0000437,M10,A01,2025-11-20,51,35,5,145,2026-05-19
INV0000438,M10,A01,2024-08-25,45,28,4,145,2025-02-21
INV0000439,M10,A02,2026-06-30,21,19,0,145,2026-12-27
INV0000440,M10,A02,2025-05-03,41,28,2,145,2025-10-30
INV0000441,M10,A02,2025-01-24,69,56,4,145,2025-07-23
INV0000442,M10,A02,2025-04-18,30,23,2,145,2025-10-15
INV0000443,M10,A02,2026-06-05,24,14,3,145,2026-12-02
INV0000444,M10,A02,2024-06-02,77,64,5,145,2024-11-29
INV0000445,M10,A03,2025-03-03,69,37,9,145,2025-08-30
INV0000446,M10,A03,2026-03-07,66,37,7,145,2026-09-03
INV0000447,M10,A03,2025-08-22,23,18,0,145,2026-02-18
INV0000448,M10,A03,2025-04-04,9,7,0,145,2025-10-01
INV0000449,M10,A03,2025-07-28,48,23,7,145,2026-01-24
INV0000450,M10,A03,2026-07-05,40,27,1,145,2027-01-01
INV0000451,M10,A04,2024-11-19,17,9,3,145,2025-05-18
INV0000452,M10,A04,2025-08-25,44,40,0,145,2026-02-21
INV0000453,M10,A04,2025-11-24,29,23,1,145,2026-05-23
INV0000454,M10,A04,2025-05-20,60,40,3,145,2025-11-16
INV0000455,M10,A04,2024-08-30,53,45,2,145,2025-02-26
INV0000456,M10,A04,2026-05-12,92,64,3,145,2026-11-08
INV0000457,M10,A05,2024-10-05,6,3,0,145,2025-04-03
INV0000458,M10,A05,2024-12-18,23,16,2,145,2025-06-16
INV0000459,M10,A05,2026-02-13,37,29,1,145,2026-08-12
INV0000460,M10,A05,2025-05-17,36,19,1,145,2025-11-13
INV0000461,M10,A05,2025-05-08,45,27,7,145,2025-11-04
INV0000462,M10,A05,2024-10-09,51,40,4,145,2025-04-07
INV0000463,M10,A06,2026-05-08,53,46,0,145,2026-11-04
INV0000464,M10,A06,2025-04-16,58,40,3,145,2025-10-13
INV0000465,M10,A06,2026-05-28,50,41,2,145,2026-11-24
INV0000466,M10,A06,2026-07-03,80,40,4,145,2026-12-30
INV0000467,M10,A06,2024-09-11,34,21,1,145,2025-03-10
INV0000468,M10,A06,2024-05-16,26,12,4,145,2024-11-12
INV0000469,M10,A07,2025-02-23,37,20,4,145,2025-08-22
INV0000470,M10,A07,2024-01-29,31,14,5,145,2024-07-27
INV0000471,M10,A07,2024-12-23,44,34,1,145,2025-06-21
INV0000472,M10,A07,2026-05-18,40,23,4,145,2026-11-14
INV0000473,M10,A07,2024-12-01,51,39,5,145,2025-05-30
INV0000474,M10,A07,2024-01-29,41,36,2,145,2024-07-27
INV0000475,M10,A08,2025-08-28,39,31,1,145,2026-02-24
INV0000476,M10,A08,2026-07-21,9,4,1,145,2027-01-17
INV0000477,M10,A08,2025-05-31,25,16,3,145,2025-11-27
INV0000478,M10,A08,2025-01-20,66,59,1,145,2025-07-19
INV0000479,M10,A08,2025-04-05,80,53,3,145,2025-10-02
INV0000480,M10,A08,2024-09-02,30,21,1,145,2025-03-01
INV0000481,M11,A01,2025-04-06,31,20,1,620,2025-06-05
INV0000482,M11,A01,2026-01-29,65,48,5,620,2026-03-30
INV0000483,M11,A01,2024-08-28,46,42,1,620,2024-10-27
INV0000484,M11,A01,2024-09-12,59,34,6,620,2024-11-11
INV0000485,M11,A01,2026-03-28,53,46,0,620,2026-05-27
INV0000486,M11,A01,2025-07-07,25,14,0,620,2025-09-05
INV0000487,M11,A02,2025-09-03,57,48,2,620,2025-11-02
INV0000488,M11,A02,2025-06-27,62,52,1,620,2025-08-26
INV0000489,M11,A02,2024-12-05,74,61,4,620,2025-02-03
INV0000490,M11,A02,2025-12-15,35,32,0,620,2026-02-13
INV0000491,M11,A02,2025-10-28,65,42,1,620,2025-12-27
INV0000492,M11,A02,2026-06-12,24,20,0,620,2026-08-11
INV0000493,M11,A03,2025-09-05,68,31,8,620,2025-11-04
INV0000494,M11,A03,2025-08-19,29,24,2,620,2025-10-18
INV0000495,M11,A03,2025-05-23,50,47,0,620,2025-07-22
INV0000496,M11,A03,2024-12-11,23,11,2,620,2025-02-09
INV0000497,M11,A03,2025-04-03,11,10,0,620,2025-06-02
INV0000498,M11,A03,2025-07-14,87,42,4,620,2025-09-12
INV0000499,M11,A04,2024-07-13,79,73,1,620,2024-09-11
INV0000500,M11,A04,2025-04-09,32,22,2,620,2025-06-08
INV0000501,M11,A04,2026-04-18,25,18,2,620,2026-06-17
INV0000502,M11,A04,2025-06-26,23,12,1,620,2025-08-25
INV0000503,M11,A04,2024-03-19,24,16,1,620,2024-05-18
INV0000504,M11,A04,2025-04-05,86,65,4,620,2025-06-04
INV0000505,M11,A05,2025-05-09,54,32,2,620,2025-07-08
INV0000506,M11,A05,2024-09-01,30,26,1,620,2024-10-31
INV0000507,M11,A05,2025-07-28,14,13,0,620,2025-09-26
INV0000508,M11,A05,2025-09-17,60,54,1,620,2025-11-16
INV0000509,M11,A05,2024-03-20,90,57,12,620,2024-05-19
INV0000510,M11,A05,2026-02-10,38,18,4,620,2026-04-11
INV0000511,M11,A06,2024-06-06,69,38,13,620,2024-08-05
INV0000512,M11,A06,2026-02-16,43,39,1,620,2026-04-17
INV0000513,M11,A06,2024-12-14,53,51,0,620,2025-02-12
INV0000514,M11,A06,2024-08-13,93,81,3,620,2024-10-12
INV0000515,M11,A06,2024-03-12,34,22,4,620,2024-05-11
INV0000516,M11,A06,2025-02-17,77,70,2,620,2025-04-18
INV0000517,M11,A07,2026-02-17,82,60,8,620,2026-04-18
INV0000518,M11,A07,2024-07-29,26,21,0,620,2024-09-27
INV0000519,M11,A07,2025-09-28,52,24,1,620,2025-11-27
INV0000520,M11,A07,2024-07-26,46,35,2,620,2024-09-24
INV0000521,M11,A07,2024-02-11,55,39,1,620,2024-04-11
INV0000522,M11,A07,2025-05-04,44,23,5,620,2025-07-03
INV0000523,M11,A08,2025-01-26,23,10,4,620,2025-03-27
INV0000524,M11,A08,2025-02-15,125,93,2,620,2025-04-16
INV0000525,M11,A08,2026-02-13,31,15,5,620,2026-04-14
INV0000526,M11,A08,2025-07-23,53,33,4,620,2025-09-21
INV0000527,M11,A08,2024-06-03,34,19,6,620,2024-08-02
INV0000528,M11,A08,2026-04-29,40,38,0,620,2026-06-28
INV0000529,M12,A01,2024-04-17,28,17,3,480,2025-04-17
INV0000530,M12,A01,2025-10-21,47,33,1,480,2026-10-21
INV0000531,M12,A01,2024-05-17,63,34,8,480,2025-05-17
INV0000532,M12,A01,2025-01-14,72,50,7,480,2026-01-14
INV0000533,M12,A01,2025-09-21,49,24,8,480,2026-09-21
INV0000534,M12,A01,2024-09-01,48,34,2,480,2025-09-01
INV0000535,M12,A02,2024-09-09,44,32,4,480,2025-09-09
INV0000536,M12,A02,2025-06-10,86,42,2,480,2026-06-10
INV0000537,M12,A02,2025-12-15,67,54,3,480,2026-12-15
INV0000538,M12,A02,2024-01-02,167,103,14,480,2025-01-01
INV0000539,M12,A02,2024-07-30,67,52,4,480,2025-07-30
INV0000540,M12,A02,2024-02-16,25,21,0,480,2025-02-15
INV0000541,M12,A03,2026-04-01,77,49,11,480,2027-04-01
INV0000542,M12,A03,2025-12-31,49,28,7,480,2026-12-31
INV0000543,M12,A03,2025-07-05,45,21,2,480,2026-07-05
INV0000544,M12,A03,2024-09-27,76,59,6,480,2025-09-27
INV0000545,M12,A03,2025-04-26,32,27,1,480,2026-04-26
INV0000546,M12,A03,2024-07-12,29,17,2,480,2025-07-12
INV0000547,M12,A04,2026-06-29,17,8,1,480,2027-06-29
INV0000548,M12,A04,2025-09-04,24,19,1,480,2026-09-04
INV0000549,M12,A04,2026-03-29,55,44,4,480,2027-03-29
INV0000550,M12,A04,2024-09-20,30,16,3,480,2025-09-20
INV0000551,M12,A04,2026-07-19,39,33,2,480,2027-07-19
INV0000552,M12,A04,2026-02-15,64,40,8,480,2027-02-15
INV0000553,M12,A05,2026-05-18,13,7,0,480,2027-05-18
INV0000554,M12,A05,2024-06-16,21,16,0,480,2025-06-16
INV0000555,M12,A05,2026-01-28,51,23,12,480,2027-01-28
INV0000556,M12,A05,2025-02-22,40,34,1,480,2026-02-22
INV0000557,M12,A05,2025-01-22,50,30,8,480,2026-01-22
INV0000558,M12,A05,2024-10-22,83,62,4,480,2025-10-22
INV0000559,M12,A06,2025-02-27,73,51,5,480,2026-02-27
INV0000560,M12,A06,2025-01-04,31,21,3,480,2026-01-04
INV0000561,M12,A06,2026-07-17,42,25,4,480,2027-07-17
INV0000562,M12,A06,2025-08-26,69,45,8,480,2026-08-26
INV0000563,M12,A06,2024-12-11,70,56,4,480,2025-12-11
INV0000564,M12,A06,2025-05-23,14,10,1,480,2026-05-23
INV0000565,M12,A07,2025-10-08,51,24,10,480,2026-10-08
INV0000566,M12,A07,2024-02-16,44,32,2,480,2025-02-15
INV0000567,M12,A07,2024-12-22,30,24,0,480,2025-12-22
INV0000568,M12,A07,2025-12-07,57,43,5,480,2026-12-07
INV0000569,M12,A07,2026-06-18,41,20,7,480,2027-06-18
INV0000570,M12,A07,2025-10-28,62,28,14,480,2026-10-28
INV0000571,M12,A08,2024-03-24,55,48,0,480,2025-03-24
INV0000572,M12,A08,2024-07-01,41,37,0,480,2025-07-01
INV0000573,M12,A08,2024-03-26,85,59,5,480,2025-03-26
INV0000574,M12,A08,2025-03-28,67,48,7,480,2026-03-28
INV0000575,M12,A08,2025-07-20,70,51,4,480,2026-07-20
INV0000576,M12,A08,2024-07-26,101,92,1,480,2025-07-26
INV0000577,M13,A01,2025-03-01,10,8,0,45,2025-03-06
INV0000578,M13,A01,2024-04-14,31,22,1,45,2024-04-19
INV0000579,M13,A01,2024-06-16,55,27,4,45,2024-06-21
INV0000580,M13,A01,2025-06-09,56,32,9,45,2025-06-14
INV0000581,M13,A01,2024-05-12,36,24,3,45,2024-05-17
INV0000582,M13,A01,2024-05-07,22,20,0,45,2024-05-12
INV0000583,M13,A02,2024-06-26,21,15,0,45,2024-07-01
INV0000584,M13,A02,2025-02-17,51,23,5,45,2025-02-22
INV0000585,M13,A02,2025-08-18,30,19,2,45,2025-08-23
INV0000586,M13,A02,2024-12-25,68,42,9,45,2024-12-30
INV0000587,M13,A02,2026-03-17,47,37,1,45,2026-03-22
INV0000588,M13,A02,2024-08-14,29,15,6,45,2024-08-19
INV0000589,M13,A03,2025-09-17,36,21,4,45,2025-09-22
INV0000590,M13,A03,2025-06-13,21,14,2,45,2025-06-18
INV0000591,M13,A03,2025-12-18,47,35,1,45,2025-12-23
INV0000592,M13,A03,2025-10-07,40,34,0,45,2025-10-12
INV0000593,M13,A03,2026-05-09,86,66,1,45,2026-05-14
INV0000594,M13,A03,2024-12-25,104,98,2,45,2024-12-30
INV0000595,M13,A04,2024-03-20,39,30,3,45,2024-03-25
INV0000596,M13,A04,2026-05-15,59,44,3,45,2026-05-20
INV0000597,M13,A04,2024-10-01,37,26,4,45,2024-10-06
INV0000598,M13,A04,2024-05-03,34,16,2,45,2024-05-08
INV0000599,M13,A04,2024-12-01,66,52,1,45,2024-12-06
INV0000600,M13,A04,2025-11-28,71,41,4,45,2025-12-03
INV0000601,M13,A05,2024-03-05,41,40,0,45,2024-03-10
INV0000602,M13,A05,2025-06-28,52,26,9,45,2025-07-03
INV0000603,M13,A05,2024-04-13,43,31,3,45,2024-04-18
INV0000604,M13,A05,2026-03-26,57,40,1,45,2026-03-31
INV0000605,M13,A05,2024-10-29,48,31,5,45,2024-11-03
INV0000606,M13,A05,2025-07-09,85,47,13,45,2025-07-14
INV0000607,M13,A06,2026-06-11,32,19,3,45,2026-06-16
INV0000608,M13,A06,2024-08-23,23,18,0,45,2024-08-28
INV0000609,M13,A06,2025-04-10,88,46,11,45,2025-04-15
INV0000610,M13,A06,2026-07-17,50,28,7,45,2026-07-22
INV0000611,M13,A06,2024-12-24,43,29,4,45,2024-12-29
INV0000612,M13,A06,2025-10-08,43,31,0,45,2025-10-13
INV0000613,M13,A07,2026-04-03,45,30,3,45,2026-04-08
INV0000614,M13,A07,2026-02-13,76,49,12,45,2026-02-18
INV0000615,M13,A07,2026-04-27,59,48,2,45,2026-05-02
INV0000616,M13,A07,2024-11-02,46,28,7,45,2024-11-07
INV0000617,M13,A07,2025-07-13,54,52,0,45,2025-07-18
INV0000618,M13,A07,2025-03-22,38,29,3,45,2025-03-27
INV0000619,M13,A08,2024-07-28,45,21,5,45,2024-08-02
INV0000620,M13,A08,2024-01-07,61,27,7,45,2024-01-12
INV0000621,M13,A08,2025-03-23,24,17,1,45,2025-03-28
INV0000622,M13,A08,2024-01-04,58,35,6,45,2024-01-09
INV0000623,M13,A08,2026-03-08,33,22,1,45,2026-03-13
INV0000624,M13,A08,2025-04-02,54,50,1,45,2025-04-07
INV0000625,M14,A01,2026-03-27,43,37,0,85,2026-04-06
INV0000626,M14,A01,2025-06-22,98,89,3,85,2025-07-02
INV0000627,M14,A01,2024-11-12,38,33,1,85,2024-11-22
INV0000628,M14,A01,2026-07-25,24,19,0,85,2026-08-04
INV0000629,M14,A01,2024-09-03,38,35,0,85,2024-09-13
INV0000630,M14,A01,2024-08-03,124,72,11,85,2024-08-13
INV0000631,M14,A02,2024-10-16,21,12,2,85,2024-10-26
INV0000632,M14,A02,2024-09-24,60,54,1,85,2024-10-04
INV0000633,M14,A02,2024-06-26,84,69,6,85,2024-07-06
INV0000634,M14,A02,2025-06-11,59,57,0,85,2025-06-21
INV0000635,M14,A02,2024-06-24,30,26,0,85,2024-07-04
INV0000636,M14,A02,2024-03-03,54,42,5,85,2024-03-13
INV0000637,M14,A03,2026-06-27,50,41,2,85,2026-07-07
INV0000638,M14,A03,2024-06-15,32,29,0,85,2024-06-25
INV0000639,M14,A03,2025-04-17,48,29,5,85,2025-04-27
INV0000640,M14,A03,2026-07-11,59,45,2,85,2026-07-21
INV0000641,M14,A03,2026-04-29,59,54,1,85,2026-05-09
INV0000642,M14,A03,2025-05-28,42,38,0,85,2025-06-07
INV0000643,M14,A04,2024-01-26,88,57,7,85,2024-02-05
INV0000644,M14,A04,2025-04-20,22,15,1,85,2025-04-30
INV0000645,M14,A04,2024-04-20,85,62,8,85,2024-04-30
INV0000646,M14,A04,2025-08-08,67,30,8,85,2025-08-18
INV0000647,M14,A04,2024-09-22,72,45,11,85,2024-10-02
INV0000648,M14,A04,2025-12-18,56,27,5,85,2025-12-28
INV0000649,M14,A05,2026-03-26,61,54,2,85,2026-04-05
INV0000650,M14,A05,2025-02-15,70,61,2,85,2025-02-25
INV0000651,M14,A05,2024-03-25,64,30,6,85,2024-04-04
INV0000652,M14,A05,2024-12-09,79,63,6,85,2024-12-19
INV0000653,M14,A05,2026-04-26,24,23,0,85,2026-05-06
INV0000654,M14,A05,2025-11-12,48,38,2,85,2025-11-22
INV0000655,M14,A06,2024-07-12,47,45,0,85,2024-07-22
INV0000656,M14,A06,2024-10-14,24,20,0,85,2024-10-24
INV0000657,M14,A06,2025-12-28,30,14,5,85,2026-01-07
INV0000658,M14,A06,2025-09-22,50,30,6,85,2025-10-02
INV0000659,M14,A06,2026-02-24,35,30,1,85,2026-03-06
INV0000660,M14,A06,2025-02-16,28,13,2,85,2025-02-26
INV0000661,M14,A07,2024-08-21,47,28,4,85,2024-08-31
INV0000662,M14,A07,2024-03-26,31,18,1,85,2024-04-05
INV0000663,M14,A07,2025-04-10,51,31,1,85,2025-04-20
INV0000664,M14,A07,2024-03-31,29,16,2,85,2024-04-10
INV0000665,M14,A07,2026-01-22,48,43,1,85,2026-02-01
INV0000666,M14,A07,2025-06-04,68,49,4,85,2025-06-14
INV0000667,M14,A08,2025-12-31,62,45,7,85,2026-01-10
INV0000668,M14,A08,2025-01-16,47,38,1,85,2025-01-26
INV0000669,M14,A08,2024-06-03,30,25,0,85,2024-06-13
INV0000670,M14,A08,2026-06-25,37,22,1,85,2026-07-05
INV0000671,M14,A08,2026-01-26,72,55,4,85,2026-02-05
INV0000672,M14,A08,2026-03-16,33,22,3,85,2026-03-26
INV0000673,M15,A01,2026-07-17,59,37,7,95,2027-01-13
INV0000674,M15,A01,2026-05-05,70,43,3,95,2026-11-01
INV0000675,M15,A01,2025-05-10,49,47,0,95,2025-11-06
INV0000676,M15,A01,2025-03-28,54,50,0,95,2025-09-24
INV0000677,M15,A01,2026-02-24,45,36,3,95,2026-08-23
INV0000678,M15,A01,2025-04-07,52,32,1,95,2025-10-04
INV0000679,M15,A02,2025-09-19,56,48,1,95,2026-03-18
INV0000680,M15,A02,2025-03-15,54,30,4,95,2025-09-11
INV0000681,M15,A02,2024-08-04,27,21,1,95,2025-01-31
INV0000682,M15,A02,2024-07-07,41,37,1,95,2025-01-03
INV0000683,M15,A02,2026-07-10,39,25,1,95,2027-01-06
INV0000684,M15,A02,2025-04-17,51,30,7,95,2025-10-14
INV0000685,M15,A03,2024-01-26,32,14,3,95,2024-07-24
INV0000686,M15,A03,2025-08-28,12,9,1,95,2026-02-24
INV0000687,M15,A03,2026-02-24,59,34,5,95,2026-08-23
INV0000688,M15,A03,2024-10-07,31,15,2,95,2025-04-05
INV0000689,M15,A03,2025-11-16,28,21,0,95,2026-05-15
INV0000690,M15,A03,2025-01-23,41,34,1,95,2025-07-22
INV0000691,M15,A04,2025-03-06,87,77,2,95,2025-09-02
INV0000692,M15,A04,2024-09-24,45,39,2,95,2025-03-23
INV0000693,M15,A04,2025-09-27,37,16,1,95,2026-03-26
INV0000694,M15,A04,2024-01-06,49,31,6,95,2024-07-04
INV0000695,M15,A04,2025-06-01,16,14,0,95,2025-11-28
INV0000696,M15,A04,2026-01-06,15,13,0,95,2026-07-05
INV0000697,M15,A05,2024-03-17,65,44,1,95,2024-09-13
INV0000698,M15,A05,2026-01-14,54,27,8,95,2026-07-13
INV0000699,M15,A05,2026-03-04,90,56,9,95,2026-08-31
INV0000700,M15,A05,2025-03-23,53,36,2,95,2025-09-19
INV0000701,M15,A05,2025-07-27,33,22,1,95,2026-01-23
INV0000702,M15,A05,2025-04-03,27,16,1,95,2025-09-30
INV0000703,M15,A06,2025-11-16,26,18,2,95,2026-05-15
INV0000704,M15,A06,2024-03-01,46,37,3,95,2024-08-28
INV0000705,M15,A06,2025-06-11,35,29,1,95,2025-12-08
INV0000706,M15,A06,2025-05-26,54,51,0,95,2025-11-22
INV0000707,M15,A06,2025-03-15,32,29,0,95,2025-09-11
INV0000708,M15,A06,2026-03-14,48,25,7,95,2026-09-10
INV0000709,M15,A07,2024-01-01,60,55,0,95,2024-06-29
INV0000710,M15,A07,2026-02-23,52,26,7,95,2026-08-22
INV0000711,M15,A07,2026-07-24,39,32,1,95,2027-01-20
INV0000712,M15,A07,2024-02-02,16,11,2,95,2024-07-31
INV0000713,M15,A07,2024-07-17,27,20,2,95,2025-01-13
INV0000714,M15,A07,2024-10-14,26,16,0,95,2025-04-12
INV0000715,M15,A08,2024-03-22,46,24,2,95,2024-09-18
INV0000716,M15,A08,2024-03-15,49,41,0,95,2024-09-11
INV0000717,M15,A08,2026-02-25,26,12,2,95,2026-08-24
INV0000718,M15,A08,2024-01-19,69,47,2,95,2024-07-17
INV0000719,M15,A08,2024-02-02,43,19,10,95,2024-07-31
INV0000720,M15,A08,2025-07-04,73,44,11,95,2025-12-31
